ProjectName,Type,Path,TargetFramework,HasWebAPI,HasWPF,HasDbContext,HasDTOs,IsIntegrationTest,IsCore,ProjectRefsCount,PackageRefsCount
LYBT.Shared.Models,Library,src/Shared/LYBT.Shared.Models,net8.0,false,false,false,true,false,true,0,3
LYBT.Shared.Interfaces,Library,src/Shared/LYBT.Shared.Interfaces,net8.0,false,false,false,false,false,true,1,2
LYBT.Shared.Utilities,Library,src/Shared/LYBT.Shared.Utilities,net8.0,false,false,false,false,false,true,1,3
LYBT.Infrastructure,Library,src/Server/Core/LYBT.Infrastructure,net8.0,false,false,true,false,false,true,4,21
LYBT.Entities,Library,src/Server/Core/LYBT.Entities,net8.0,false,false,false,false,false,true,2,0
LYBT.Module.Auth,Library,src/Server/Modules/LYBT.Module.Auth,net8.0,false,false,false,true,false,false,5,6
LYBT.Module.Users,Library,src/Server/Modules/LYBT.Module.Users,net8.0,false,false,false,true,false,false,4,6
LYBT.Module.Patients,Library,src/Server/Modules/LYBT.Module.Patients,net8.0,false,false,false,true,false,false,4,6
LYBT.Module.MedicalCase,Library,src/Server/Modules/LYBT.Module.MedicalCase,net8.0,false,false,false,true,false,false,4,6
LYBT.Module.Consultation,Library,src/Server/Modules/LYBT.Module.Consultation,net8.0,false,false,false,true,false,false,4,6
LYBT.Module.Prescriptions,Library,src/Server/Modules/LYBT.Module.Prescriptions,net8.0,true,false,false,true,false,false,4,6
LYBT.Module.Herbs,Library,src/Server/Modules/LYBT.Module.Herbs,net8.0,false,false,false,true,false,false,4,6
LYBT.Module.Formula,Library,src/Server/Modules/LYBT.Module.Formula,net8.0,false,false,false,true,false,false,4,6
LYBT.WebAPI,WebAPI,src/Server/Services/LYBT.WebAPI,net8.0,true,false,false,false,false,false,11,4
LYBT.Desktop.Core,Library,src/Client/Desktop/Core,net8.0-windows,false,true,false,false,false,true,3,3
LYBT.Desktop.Infrastructure,Library,src/Client/Desktop/Infrastructure,net8.0-windows,false,true,false,false,false,true,2,5
LYBT.Desktop.Services,Library,src/Client/Desktop/Services,net8.0-windows,false,false,false,false,false,false,3,5
LYBT.Desktop.Auth,WPF,src/Client/Desktop/Modules/Auth,net8.0-windows,false,true,false,false,false,false,3,3
LYBT.Desktop.Users,WPF,src/Client/Desktop/Modules/Users,net8.0-windows,false,true,false,false,false,false,3,3
LYBT.Desktop.Patients,WPF,src/Client/Desktop/Modules/Patients,net8.0-windows,false,true,false,false,false,false,3,3
LYBT.Desktop.MedicalCase,WPF,src/Client/Desktop/Modules/MedicalCase,net8.0-windows,false,true,false,false,false,false,3,3
LYBT.Desktop.Consultation,WPF,src/Client/Desktop/Modules/Consultation,net8.0-windows,false,true,false,false,false,false,3,3
LYBT.Desktop.Prescriptions,WPF,src/Client/Desktop/Modules/Prescriptions,net8.0-windows,false,true,false,false,false,false,3,3
LYBT.Desktop.Herbs,WPF,src/Client/Desktop/Modules/Herbs,net8.0-windows,false,true,false,false,false,false,3,3
LYBT.Desktop.Formula,WPF,src/Client/Desktop/Modules/Formula,net8.0-windows,false,true,false,false,false,false,3,3
LYBT.Desktop.Workbench.Consultation,WPF,src/Client/Desktop/Workbenches/ConsultationWorkbench,net8.0-windows,false,true,false,false,false,false,3,3
LYBT.Desktop.Workbench.Admin,WPF,src/Client/Desktop/Workbenches/SystemWorkbench,net8.0-windows,false,true,false,false,false,false,3,3
LYBT.Desktop.Workbench.Core,Library,src/Client/Desktop/Workbenches/Core,net8.0-windows,false,true,false,false,false,true,2,3
LYBT.Desktop.Shell,WPF,src/Client/Desktop/Shell,net8.0-windows,false,true,false,false,false,false,13,3
LYBT.Tests.Core,Test,tests/Backend/Core,net8.0,false,false,false,false,false,false,2,5
LYBT.Tests.Simplified,Test,tests/Backend/Core/Services,net8.0,false,false,false,false,false,false,3,5
LYBT.Module.Auth.Tests,Test,tests/Backend/LYBT.Module.Auth.Tests,net8.0,false,false,false,false,false,false,3,4
Enhanced.Auth.Tests,Test,tests/Backend/LYBT.Module.Auth.Tests/Enhanced,net8.0,false,false,false,false,false,false,4,4
LYBT.Module.Consultation.Tests,Test,tests/Backend/LYBT.Module.Consultation.Tests,net8.0,false,false,false,false,false,false,3,4
LYBT.Module.Formula.Tests,Test,tests/Backend/LYBT.Module.Formula.Tests,net8.0,false,false,false,false,false,false,3,4
Enhanced.Tests,Test,tests/Backend/LYBT.Module.Herbs.Tests/Enhanced,net8.0,false,false,false,false,false,false,4,4
LYBT.Module.Herbs.Tests,Test,tests/Backend/LYBT.Module.Herbs.Tests,net8.0,false,false,false,false,false,false,3,4
LYBT.Module.MedicalCase.Tests,Test,tests/Backend/LYBT.Module.MedicalCase.Tests,net8.0,false,false,false,false,false,false,3,4
LYBT.Module.Patients.Tests,Test,tests/Backend/LYBT.Module.Patients.Tests,net8.0,false,false,false,false,false,false,3,4
LYBT.Module.Prescriptions.Tests,Test,tests/Backend/LYBT.Module.Prescriptions.Tests,net8.0,false,false,false,false,false,false,3,4
LYBT.Module.Users.Tests,Test,tests/Backend/LYBT.Module.Users.Tests,net8.0,false,false,false,false,false,false,3,4
LYBT.Shared.Models.Tests,Test,tests/Backend/LYBT.Shared.Models.Tests,net8.0,false,false,false,false,false,false,1,4
LYBT.Tests.Core.UltraThink,Test,tests/Backend/LYBT.Tests.Core.UltraThink,net8.0,false,false,false,false,false,false,3,4
LYBT.WebAPI.Tests,Test,tests/Backend/LYBT.WebAPI.Tests,net8.0,false,false,false,false,true,false,3,6
LYBT.Infrastructure.Tests,Test,tests/Backend/LYBT.Infrastructure.Tests,net8.0,false,false,false,false,false,false,3,6
TestBase,Test,tests/Backend/TestBase,net8.0,false,false,false,false,false,true,2,4
TestUtilities,Test,tests/Backend/TestUtilities,net8.0,false,false,false,false,false,true,1,4
LYBT.WPF.Client.Tests,Test,tests/Client/LYBT.WPF.Client.Tests,net8.0-windows,false,false,false,false,false,false,0,4
TestDataFactory,Test,tests/TestDataFactory,net8.0,false,false,false,false,false,true,2,4
LYBT.Tests.UltraThink.TestInfrastructure,Test,tests/UltraThink/TestInfrastructure,net8.0,false,false,false,false,false,true,2,4