Path,Symbol,Kind,Action,Reason
"src/Server/Services/LYBT.WebAPI/Program.cs","// using LYBT.WebAPI.Services;",Comment,Remove,"注释掉的过时服务引用，已确认不需要"
"src/Server/Services/LYBT.WebAPI/Extensions/UnifiedServiceRegistration.cs","// Epic 05-P0-03: 敏感数据拦截器已移除",Comment,Update,"更新为简洁的过时组件说明"
"src/Server/Services/LYBT.WebAPI/Extensions/UnifiedServiceRegistration.cs","// - IDataEncryptionService/DataEncryptionService (标记为Obsolete)",Comment,Remove,"过时组件注释，可以删除"
"src/Server/Services/LYBT.WebAPI/Extensions/UnifiedServiceRegistration.cs","// - ISecurityAuditService/SecurityAuditService (标记为Obsolete)",Comment,Remove,"过时组件注释，可以删除"
"src/Server/Services/LYBT.WebAPI/Extensions/UnifiedServiceRegistration.cs","// - SensitiveDataInterceptor (标记为Obsolete)",Comment,Remove,"过时组件注释，可以删除"
"src/Server/Services/LYBT.WebAPI/Extensions/UnifiedServiceRegistration.cs","// - SensitiveDataQueryInterceptor (标记为Obsolete)",Comment,Remove,"过时组件注释，可以删除"
"src/Server/Services/LYBT.WebAPI/Extensions/UnifiedServiceRegistration.cs","File.WriteAllText(reportPath, ...)",Method Call,Remove,"移除配置验证中的文件写入逻辑，过于复杂"
"src/Server/Services/LYBT.WebAPI/Extensions/UnifiedServiceRegistration.cs","Directory.CreateDirectory(Path.GetDirectoryName(reportPath)!)",Method Call,Remove,"移除配置验证中的目录创建逻辑"
"src/Server/Services/LYBT.WebAPI/Extensions/UnifiedServiceRegistration.cs","// 暂时注释掉ApiExplorer配置",Comment,Review,"需要决策是否启用API版本管理"
"src/Server/Services/LYBT.WebAPI/Extensions/UnifiedServiceRegistration.cs","c.CustomSchemaIds(type => ...)",Complex Logic,Simplify,"Swagger Schema ID生成逻辑过于复杂，可考虑简化"