Module,Layer,Class,Method,ReturnType,Parameters,CalledBy,CallsTo,HttpMethod,Endpoint,DatabaseOperation,QualityLabel
Auth,Frontend,LoginView,InitializeComponent,void,,LoginView.Constructor,N/A,N/A,N/A,N/A,🟢Core
Auth,Frontend,LoginViewModel,LoginCommand,AsyncRelayCommand,,LoginView.CommandBinding,AuthService.LoginAsync,N/A,N/A,N/A,🟢Core
Auth,Frontend,LoginViewModel,LoginAsync,Task<ServiceResult<AuthResult>>,LoginDto,LoginCommand,AuthService.LoginAsync,N/A,N/A,N/A,🟢Core
Auth,Frontend,AuthService,LoginAsync,Task<ServiceResult<AuthResult>>,LoginDto,LoginViewModel.LoginAsync,AuthController.Login,POST,/api/v1/auth/login,N/A,🟢Core
Auth,Backend,AuthController,Login,Task<ActionResult<ApiResponse<AuthResult>>>,LoginDto,AuthService.LoginAsync,AuthBusinessService.AuthenticateAsync,POST,/api/v1/auth/login,N/A,🟢Core
Auth,Backend,AuthBusinessService,AuthenticateAsync,Task<ServiceResult<AuthResult>>,LoginDto,AuthController.Login,AuthRepository.GetByUsernameAsync,N/A,N/A,SELECT Users,🟢Core
Auth,Backend,AuthRepository,GetByUsernameAsync,Task<User>,string,AuthBusinessService.AuthenticateAsync,AppDbContext.Users,N/A,N/A,SELECT Users WHERE Username,🟢Core
Auth,Frontend,LoginViewModel,LogoutCommand,AsyncRelayCommand,,LoginView.CommandBinding,AuthService.LogoutAsync,N/A,N/A,N/A,🟢Core
Auth,Frontend,AuthService,LogoutAsync,Task<ServiceResult<bool>>,,LoginViewModel.LogoutAsync,AuthController.Logout,POST,/api/v1/auth/logout,N/A,🟢Core
Auth,Backend,AuthController,Logout,Task<ActionResult<ApiResponse<bool>>>,,AuthService.LogoutAsync,AuthBusinessService.InvalidateTokenAsync,POST,/api/v1/auth/logout,N/A,🟢Core
Auth,Backend,AuthBusinessService,InvalidateTokenAsync,Task<ServiceResult<bool>>,string,AuthController.Logout,TokenService.RevokeToken,N/A,N/A,N/A,🟢Core

Users,Frontend,UserManagementView,InitializeComponent,void,,UserManagementView.Constructor,N/A,N/A,N/A,N/A,🟢Core
Users,Frontend,UserManagementViewModel,LoadUsersCommand,AsyncRelayCommand,,UserManagementView.CommandBinding,UserService.GetAllUsersAsync,N/A,N/A,N/A,🟢Core
Users,Frontend,UserManagementViewModel,LoadUsersAsync,Task<ServiceResult<List<UserDto>>>,,LoadUsersCommand,UserService.GetAllUsersAsync,N/A,N/A,N/A,🟢Core
Users,Frontend,UserService,GetAllUsersAsync,Task<ServiceResult<List<UserDto>>>,,UserManagementViewModel.LoadUsersAsync,UsersController.GetAll,GET,/api/v1/users,N/A,🟢Core
Users,Backend,UsersController,GetAll,Task<ActionResult<ApiResponse<List<UserDto>>>>,,UserService.GetAllUsersAsync,UserQueryService.GetAllAsync,GET,/api/v1/users,N/A,🟢Core
Users,Backend,UserQueryService,GetAllAsync,Task<ServiceResult<List<UserDto>>>,,UsersController.GetAll,UserRepository.GetAllAsync,N/A,N/A,SELECT Users,🟢Core
Users,Backend,UserRepository,GetAllAsync,Task<List<User>>,,UserQueryService.GetAllAsync,AppDbContext.Users,N/A,N/A,SELECT * FROM Users,🟢Core
Users,Frontend,UserManagementViewModel,CreateUserCommand,AsyncRelayCommand,,UserManagementView.CommandBinding,UserService.CreateUserAsync,N/A,N/A,N/A,🟢Core
Users,Frontend,UserService,CreateUserAsync,Task<ServiceResult<UserDto>>,UserCreateDto,UserManagementViewModel.CreateUserCommand,UsersController.Create,POST,/api/v1/users,N/A,🟢Core
Users,Backend,UsersController,Create,Task<ActionResult<ApiResponse<UserDto>>>,UserCreateDto,UserService.CreateUserAsync,UserBusinessService.CreateUserAsync,POST,/api/v1/users,N/A,🟢Core
Users,Backend,UserBusinessService,CreateUserAsync,Task<ServiceResult<UserDto>>,UserCreateDto,UsersController.Create,UserRepository.CreateAsync,N/A,N/A,INSERT Users,🟢Core
Users,Backend,UserRepository,CreateAsync,Task<User>,User,UserBusinessService.CreateUserAsync,AppDbContext.Users.Add,N/A,N/A,INSERT INTO Users,🟢Core

Patients,Frontend,PatientManagementView,InitializeComponent,void,,PatientManagementView.Constructor,N/A,N/A,N/A,N/A,🟢Core
Patients,Frontend,PatientManagementViewModel,LoadPatientsCommand,AsyncRelayCommand,,PatientManagementView.CommandBinding,PatientService.GetAllPatientsAsync,N/A,N/A,N/A,🟢Core
Patients,Frontend,PatientManagementViewModel,SearchPatientsCommand,AsyncRelayCommand,,PatientManagementView.CommandBinding,PatientService.SearchPatientsAsync,N/A,N/A,N/A,🟢Core
Patients,Frontend,PatientService,GetAllPatientsAsync,Task<ServiceResult<PagedResult<PatientDto>>>,PatientSearchDto,PatientManagementViewModel.LoadPatientsCommand,PatientsController.GetAll,GET,/api/v1/patients,N/A,🟢Core
Patients,Frontend,PatientService,SearchPatientsAsync,Task<ServiceResult<PagedResult<PatientDto>>>,PatientSearchDto,PatientManagementViewModel.SearchPatientsCommand,PatientsController.Search,GET,/api/v1/patients/search,N/A,🟢Core
Patients,Backend,PatientsController,GetAll,Task<ActionResult<ApiResponse<PagedResult<PatientDto>>>>,PatientSearchDto,PatientService.GetAllPatientsAsync,PatientQueryService.SearchPatientsAsync,GET,/api/v1/patients,N/A,🟢Core
Patients,Backend,PatientsController,Search,Task<ActionResult<ApiResponse<PagedResult<PatientDto>>>>,PatientSearchDto,PatientService.SearchPatientsAsync,PatientQueryService.SearchPatientsAsync,GET,/api/v1/patients/search,N/A,🟢Core
Patients,Backend,PatientQueryService,SearchPatientsAsync,Task<ServiceResult<PagedResult<PatientDto>>>,PatientSearchDto,PatientsController.Search,PatientRepository.SearchAsync,N/A,N/A,SELECT Patients,🟢Core
Patients,Backend,PatientRepository,SearchAsync,Task<PagedResult<Patient>>,PatientSearchDto,PatientQueryService.SearchPatientsAsync,AppDbContext.Patients,N/A,N/A,SELECT Patients WHERE criteria,🟢Core
Patients,Frontend,PatientManagementViewModel,CreatePatientCommand,AsyncRelayCommand,,PatientManagementView.CommandBinding,PatientService.CreatePatientAsync,N/A,N/A,N/A,🟢Core
Patients,Frontend,PatientService,CreatePatientAsync,Task<ServiceResult<PatientDto>>,PatientCreateDto,PatientManagementViewModel.CreatePatientCommand,PatientsController.Create,POST,/api/v1/patients,N/A,🟢Core
Patients,Backend,PatientsController,Create,Task<ActionResult<ApiResponse<PatientDto>>>,PatientCreateDto,PatientService.CreatePatientAsync,PatientBusinessService.CreatePatientAsync,POST,/api/v1/patients,N/A,🟢Core
Patients,Backend,PatientBusinessService,CreatePatientAsync,Task<ServiceResult<PatientDto>>,PatientCreateDto,PatientsController.Create,PatientRepository.CreateAsync,N/A,N/A,INSERT Patients,🟢Core

MedicalCase,Frontend,MedicalCaseView,InitializeComponent,void,,MedicalCaseView.Constructor,N/A,N/A,N/A,N/A,🟢Core
MedicalCase,Frontend,MedicalCaseViewModel,CreateCaseCommand,AsyncRelayCommand,,MedicalCaseView.CommandBinding,MedicalCaseService.CreateCaseAsync,N/A,N/A,N/A,🟢Core
MedicalCase,Frontend,MedicalCaseViewModel,LoadCasesCommand,AsyncRelayCommand,,MedicalCaseView.CommandBinding,MedicalCaseService.GetCasesByPatientAsync,N/A,N/A,N/A,🟢Core
MedicalCase,Frontend,MedicalCaseService,CreateCaseAsync,Task<ServiceResult<MedicalCaseDto>>,MedicalCaseCreateDto,MedicalCaseViewModel.CreateCaseCommand,MedicalCaseController.Create,POST,/api/v1/medical-cases,N/A,🟢Core
MedicalCase,Frontend,MedicalCaseService,GetCasesByPatientAsync,Task<ServiceResult<List<MedicalCaseDto>>>,Guid,MedicalCaseViewModel.LoadCasesCommand,MedicalCaseController.GetByPatient,GET,/api/v1/medical-cases/patient/{patientId},N/A,🟢Core
MedicalCase,Backend,MedicalCaseController,Create,Task<ActionResult<ApiResponse<MedicalCaseDto>>>,MedicalCaseCreateDto,MedicalCaseService.CreateCaseAsync,MedicalCaseBusinessService.CreateAsync,POST,/api/v1/medical-cases,N/A,🟢Core
MedicalCase,Backend,MedicalCaseController,GetByPatient,Task<ActionResult<ApiResponse<List<MedicalCaseDto>>>>,Guid,MedicalCaseService.GetCasesByPatientAsync,MedicalCaseQueryService.GetByPatientIdAsync,GET,/api/v1/medical-cases/patient/{patientId},N/A,🟢Core
MedicalCase,Backend,MedicalCaseBusinessService,CreateAsync,Task<ServiceResult<MedicalCaseDto>>,MedicalCaseCreateDto,MedicalCaseController.Create,MedicalCaseRepository.CreateAsync,N/A,N/A,INSERT MedicalCases,🟢Core
MedicalCase,Backend,MedicalCaseQueryService,GetByPatientIdAsync,Task<ServiceResult<List<MedicalCaseDto>>>,Guid,MedicalCaseController.GetByPatient,MedicalCaseRepository.GetByPatientIdAsync,N/A,N/A,SELECT MedicalCases,🟢Core
MedicalCase,Backend,MedicalCaseRepository,CreateAsync,Task<MedicalCase>,MedicalCase,MedicalCaseBusinessService.CreateAsync,AppDbContext.MedicalCases.Add,N/A,N/A,INSERT INTO MedicalCases,🟢Core
MedicalCase,Backend,MedicalCaseRepository,GetByPatientIdAsync,Task<List<MedicalCase>>,Guid,MedicalCaseQueryService.GetByPatientIdAsync,AppDbContext.MedicalCases,N/A,N/A,SELECT MedicalCases WHERE PatientId,🟢Core

Consultation,Frontend,ConsultationView,InitializeComponent,void,,ConsultationView.Constructor,N/A,N/A,N/A,N/A,🟢Core
Consultation,Frontend,ConsultationViewModel,StartConsultationCommand,AsyncRelayCommand,,ConsultationView.CommandBinding,ConsultationService.CreateConsultationAsync,N/A,N/A,N/A,🟢Core
Consultation,Frontend,ConsultationViewModel,SaveDiagnosisCommand,AsyncRelayCommand,,ConsultationView.CommandBinding,ConsultationService.UpdateConsultationAsync,N/A,N/A,N/A,🟢Core
Consultation,Frontend,ConsultationViewModel,SaveSymptomCommand,AsyncRelayCommand,,ConsultationView.CommandBinding,ConsultationService.UpdateConsultationAsync,N/A,N/A,N/A,🟢Core
Consultation,Frontend,ConsultationService,CreateConsultationAsync,Task<ServiceResult<ConsultationDto>>,ConsultationCreateDto,ConsultationViewModel.StartConsultationCommand,ConsultationController.Create,POST,/api/v1/consultations,N/A,🟢Core
Consultation,Frontend,ConsultationService,UpdateConsultationAsync,Task<ServiceResult<ConsultationDto>>,Guid,ConsultationViewModel.SaveDiagnosisCommand,ConsultationController.Update,PUT,/api/v1/consultations/{id},N/A,🟢Core
Consultation,Backend,ConsultationController,Create,Task<ActionResult<ApiResponse<ConsultationDto>>>,ConsultationCreateDto,ConsultationService.CreateConsultationAsync,ConsultationBusinessService.CreateConsultationAsync,POST,/api/v1/consultations,N/A,🟢Core
Consultation,Backend,ConsultationController,Update,Task<ActionResult<ApiResponse<ConsultationDto>>>,Guid,ConsultationService.UpdateConsultationAsync,ConsultationBusinessService.UpdateConsultationAsync,PUT,/api/v1/consultations/{id},N/A,🟢Core
Consultation,Backend,ConsultationBusinessService,CreateConsultationAsync,Task<ServiceResult<ConsultationDto>>,ConsultationCreateDto,ConsultationController.Create,ConsultationRepository.CreateAsync,N/A,N/A,INSERT Consultations,🟢Core
Consultation,Backend,ConsultationBusinessService,UpdateConsultationAsync,Task<ServiceResult<ConsultationDto>>,Guid,ConsultationController.Update,ConsultationRepository.UpdateAsync,N/A,N/A,UPDATE Consultations,🟢Core
Consultation,Backend,ConsultationRepository,CreateAsync,Task<Consultation>,Consultation,ConsultationBusinessService.CreateConsultationAsync,AppDbContext.Consultations.Add,N/A,N/A,INSERT INTO Consultations,🟢Core
Consultation,Backend,ConsultationRepository,UpdateAsync,Task<Consultation>,Consultation,ConsultationBusinessService.UpdateConsultationAsync,AppDbContext.Consultations.Update,N/A,N/A,UPDATE Consultations SET,🟢Core

Prescriptions,Frontend,PrescriptionView,InitializeComponent,void,,PrescriptionView.Constructor,N/A,N/A,N/A,N/A,🟢Core
Prescriptions,Frontend,PrescriptionViewModel,CreatePrescriptionCommand,AsyncRelayCommand,,PrescriptionView.CommandBinding,PrescriptionService.CreatePrescriptionAsync,N/A,N/A,N/A,🟢Core
Prescriptions,Frontend,PrescriptionViewModel,AddHerbCommand,AsyncRelayCommand,,PrescriptionView.CommandBinding,HerbService.GetHerbByIdAsync,N/A,N/A,N/A,🟢Core
Prescriptions,Frontend,PrescriptionViewModel,ApplyFormulaCommand,AsyncRelayCommand,,PrescriptionView.CommandBinding,FormulaService.GetFormulaByIdAsync,N/A,N/A,N/A,🔵Business
Prescriptions,Frontend,PrescriptionService,CreatePrescriptionAsync,Task<ServiceResult<PrescriptionDto>>,PrescriptionCreateDto,PrescriptionViewModel.CreatePrescriptionCommand,PrescriptionsController.Create,POST,/api/v1/prescriptions,N/A,🟢Core
Prescriptions,Frontend,PrescriptionService,GetPrescriptionsByPatientAsync,Task<ServiceResult<List<PrescriptionDto>>>,Guid,PrescriptionViewModel.LoadPrescriptionsCommand,PrescriptionsController.GetByPatient,GET,/api/v1/prescriptions/patient/{patientId},N/A,🟢Core
Prescriptions,Backend,PrescriptionsController,Create,Task<ActionResult<ApiResponse<PrescriptionDto>>>,PrescriptionCreateDto,PrescriptionService.CreatePrescriptionAsync,PrescriptionBusinessService.CreateAsync,POST,/api/v1/prescriptions,N/A,🟢Core
Prescriptions,Backend,PrescriptionsController,GetByPatient,Task<ActionResult<ApiResponse<List<PrescriptionDto>>>>,Guid,PrescriptionService.GetPrescriptionsByPatientAsync,PrescriptionQueryService.GetByPatientIdAsync,GET,/api/v1/prescriptions/patient/{patientId},N/A,🟢Core
Prescriptions,Backend,PrescriptionBusinessService,CreateAsync,Task<ServiceResult<PrescriptionDto>>,PrescriptionCreateDto,PrescriptionsController.Create,PrescriptionRepository.CreateAsync,N/A,N/A,INSERT Prescriptions,🟢Core
Prescriptions,Backend,PrescriptionQueryService,GetByPatientIdAsync,Task<ServiceResult<List<PrescriptionDto>>>,Guid,PrescriptionsController.GetByPatient,PrescriptionRepository.GetByPatientIdAsync,N/A,N/A,SELECT Prescriptions,🟢Core
Prescriptions,Backend,PrescriptionRepository,CreateAsync,Task<Prescription>,Prescription,PrescriptionBusinessService.CreateAsync,AppDbContext.Prescriptions.Add,N/A,N/A,INSERT INTO Prescriptions,🟢Core
Prescriptions,Backend,PrescriptionRepository,GetByPatientIdAsync,Task<List<Prescription>>,Guid,PrescriptionQueryService.GetByPatientIdAsync,AppDbContext.Prescriptions,N/A,N/A,SELECT Prescriptions WHERE PatientId,🟢Core

Herbs,Frontend,HerbManagementView,InitializeComponent,void,,HerbManagementView.Constructor,N/A,N/A,N/A,N/A,🟢Core
Herbs,Frontend,HerbManagementViewModel,LoadHerbsCommand,AsyncRelayCommand,,HerbManagementView.CommandBinding,HerbService.GetAllHerbsAsync,N/A,N/A,N/A,🟢Core
Herbs,Frontend,HerbManagementViewModel,SearchHerbsCommand,AsyncRelayCommand,,HerbManagementView.CommandBinding,HerbService.SearchHerbsAsync,N/A,N/A,N/A,🟢Core
Herbs,Frontend,HerbManagementViewModel,CreateHerbCommand,AsyncRelayCommand,,HerbManagementView.CommandBinding,HerbService.CreateHerbAsync,N/A,N/A,N/A,🟢Core
Herbs,Frontend,HerbService,GetAllHerbsAsync,Task<ServiceResult<List<HerbDto>>>,,HerbManagementViewModel.LoadHerbsCommand,HerbsController.GetAll,GET,/api/v1/herbs,N/A,🟢Core
Herbs,Frontend,HerbService,SearchHerbsAsync,Task<ServiceResult<PagedResult<HerbDto>>>,HerbSearchDto,HerbManagementViewModel.SearchHerbsCommand,HerbsController.Search,GET,/api/v1/herbs/search,N/A,🟢Core
Herbs,Frontend,HerbService,CreateHerbAsync,Task<ServiceResult<HerbDto>>,HerbCreateDto,HerbManagementViewModel.CreateHerbCommand,HerbsController.Create,POST,/api/v1/herbs,N/A,🟢Core
Herbs,Backend,HerbsController,GetAll,Task<ActionResult<ApiResponse<List<HerbDto>>>>,,HerbService.GetAllHerbsAsync,HerbQueryService.GetAllAsync,GET,/api/v1/herbs,N/A,🟢Core
Herbs,Backend,HerbsController,Search,Task<ActionResult<ApiResponse<PagedResult<HerbDto>>>>,HerbSearchDto,HerbService.SearchHerbsAsync,HerbQueryService.SearchHerbsAsync,GET,/api/v1/herbs/search,N/A,🟢Core
Herbs,Backend,HerbsController,Create,Task<ActionResult<ApiResponse<HerbDto>>>,HerbCreateDto,HerbService.CreateHerbAsync,HerbBusinessService.CreateHerbAsync,POST,/api/v1/herbs,N/A,🟢Core
Herbs,Backend,HerbQueryService,GetAllAsync,Task<ServiceResult<List<HerbDto>>>,,HerbsController.GetAll,HerbRepository.GetAllAsync,N/A,N/A,SELECT Herbs,🟢Core
Herbs,Backend,HerbQueryService,SearchHerbsAsync,Task<ServiceResult<PagedResult<HerbDto>>>,HerbSearchDto,HerbsController.Search,HerbRepository.SearchAsync,N/A,N/A,SELECT Herbs,🟢Core
Herbs,Backend,HerbBusinessService,CreateHerbAsync,Task<ServiceResult<HerbDto>>,HerbCreateDto,HerbsController.Create,HerbRepository.CreateAsync,N/A,N/A,INSERT Herbs,🟢Core
Herbs,Backend,HerbRepository,GetAllAsync,Task<List<Herb>>,,HerbQueryService.GetAllAsync,AppDbContext.Herbs,N/A,N/A,SELECT * FROM Herbs,🟢Core
Herbs,Backend,HerbRepository,SearchAsync,Task<PagedResult<Herb>>,HerbSearchDto,HerbQueryService.SearchHerbsAsync,AppDbContext.Herbs,N/A,N/A,SELECT Herbs WHERE criteria,🟢Core
Herbs,Backend,HerbRepository,CreateAsync,Task<Herb>,Herb,HerbBusinessService.CreateHerbAsync,AppDbContext.Herbs.Add,N/A,N/A,INSERT INTO Herbs,🟢Core

Formula,Frontend,FormulaManagementView,InitializeComponent,void,,FormulaManagementView.Constructor,N/A,N/A,N/A,N/A,🔵Business
Formula,Frontend,FormulaManagementViewModel,LoadFormulasCommand,AsyncRelayCommand,,FormulaManagementView.CommandBinding,FormulaService.GetAllFormulasAsync,N/A,N/A,N/A,🔵Business
Formula,Frontend,FormulaManagementViewModel,CreateFormulaCommand,AsyncRelayCommand,,FormulaManagementView.CommandBinding,FormulaService.CreateFormulaAsync,N/A,N/A,N/A,🔵Business
Formula,Frontend,FormulaManagementViewModel,EditFormulaCommand,AsyncRelayCommand,,FormulaManagementView.CommandBinding,FormulaService.UpdateFormulaAsync,N/A,N/A,N/A,🔵Business
Formula,Frontend,FormulaService,GetAllFormulasAsync,Task<ServiceResult<List<FormulaDto>>>,,FormulaManagementViewModel.LoadFormulasCommand,FormulasController.GetAll,GET,/api/v1/formulas,N/A,🔵Business
Formula,Frontend,FormulaService,CreateFormulaAsync,Task<ServiceResult<FormulaDto>>,FormulaCreateDto,FormulaManagementViewModel.CreateFormulaCommand,FormulasController.Create,POST,/api/v1/formulas,N/A,🔵Business
Formula,Frontend,FormulaService,UpdateFormulaAsync,Task<ServiceResult<FormulaDto>>,Guid,FormulaManagementViewModel.EditFormulaCommand,FormulasController.Update,PUT,/api/v1/formulas/{id},N/A,🔵Business
Formula,Backend,FormulasController,GetAll,Task<ActionResult<ApiResponse<List<FormulaDto>>>>,,FormulaService.GetAllFormulasAsync,FormulaQueryService.GetAllAsync,GET,/api/v1/formulas,N/A,🔵Business
Formula,Backend,FormulasController,Create,Task<ActionResult<ApiResponse<FormulaDto>>>,FormulaCreateDto,FormulaService.CreateFormulaAsync,FormulaBusinessService.CreateAsync,POST,/api/v1/formulas,N/A,🔵Business
Formula,Backend,FormulasController,Update,Task<ActionResult<ApiResponse<FormulaDto>>>,Guid,FormulaService.UpdateFormulaAsync,FormulaBusinessService.UpdateAsync,PUT,/api/v1/formulas/{id},N/A,🔵Business
Formula,Backend,FormulaQueryService,GetAllAsync,Task<ServiceResult<List<FormulaDto>>>,,FormulasController.GetAll,FormulaRepository.GetAllAsync,N/A,N/A,SELECT Formulas,🔵Business
Formula,Backend,FormulaBusinessService,CreateAsync,Task<ServiceResult<FormulaDto>>,FormulaCreateDto,FormulasController.Create,FormulaRepository.CreateAsync,N/A,N/A,INSERT Formulas,🔵Business
Formula,Backend,FormulaBusinessService,UpdateAsync,Task<ServiceResult<FormulaDto>>,Guid,FormulasController.Update,FormulaRepository.UpdateAsync,N/A,N/A,UPDATE Formulas,🔵Business
Formula,Backend,FormulaRepository,GetAllAsync,Task<List<Formula>>,,FormulaQueryService.GetAllAsync,AppDbContext.Formulas,N/A,N/A,SELECT * FROM Formulas,🔵Business
Formula,Backend,FormulaRepository,CreateAsync,Task<Formula>,Formula,FormulaBusinessService.CreateAsync,AppDbContext.Formulas.Add,N/A,N/A,INSERT INTO Formulas,🔵Business
Formula,Backend,FormulaRepository,UpdateAsync,Task<Formula>,Formula,FormulaBusinessService.UpdateAsync,AppDbContext.Formulas.Update,N/A,N/A,UPDATE Formulas SET,🔵Business

Shared,Backend,BaseController,HandleServiceResult,ActionResult<ApiResponse<T>>,ServiceResult<T>,All Controllers,N/A,N/A,N/A,N/A,🟢Core
Shared,Backend,BaseController,HandleException,ActionResult<ApiResponse<T>>,Exception,All Controllers,N/A,N/A,N/A,N/A,🟢Core
Shared,Backend,BaseController,ValidateGuid,ActionResult<ApiResponse<T>>,Guid,All Controllers,N/A,N/A,N/A,N/A,🟢Core
Shared,Backend,ApiResponse,Success,ApiResponse<T>,T,BaseController.HandleServiceResult,N/A,N/A,N/A,N/A,🟢Core
Shared,Backend,ServiceResult,Success,ServiceResult<T>,T,All Service Methods,N/A,N/A,N/A,N/A,🟢Core
Shared,Backend,ServiceResult,Failure,ServiceResult<T>,string,All Service Methods,N/A,N/A,N/A,N/A,🟢Core
Shared,Backend,AppDbContext,SaveChangesAsync,Task<int>,,All Repository Methods,Database,N/A,N/A,COMMIT TRANSACTION,🟢Core
Shared,Backend,AppDbContext,Users,DbSet<User>,,UserRepository,N/A,N/A,N/A,N/A,🟢Core
Shared,Backend,AppDbContext,Patients,DbSet<Patient>,,PatientRepository,N/A,N/A,N/A,N/A,🟢Core
Shared,Backend,AppDbContext,MedicalCases,DbSet<MedicalCase>,,MedicalCaseRepository,N/A,N/A,N/A,N/A,🟢Core
Shared,Backend,AppDbContext,Consultations,DbSet<Consultation>,,ConsultationRepository,N/A,N/A,N/A,N/A,🟢Core
Shared,Backend,AppDbContext,Prescriptions,DbSet<Prescription>,,PrescriptionRepository,N/A,N/A,N/A,N/A,🟢Core
Shared,Backend,AppDbContext,Herbs,DbSet<Herb>,,HerbRepository,N/A,N/A,N/A,N/A,🟢Core
Shared,Backend,AppDbContext,Formulas,DbSet<Formula>,,FormulaRepository,N/A,N/A,N/A,N/A,🟢Core

Infrastructure,Backend,TokenService,GenerateToken,string,User,AuthBusinessService,N/A,N/A,N/A,N/A,🟢Core
Infrastructure,Backend,TokenService,ValidateToken,ClaimsPrincipal,string,AuthorizeAttribute,N/A,N/A,N/A,N/A,🟢Core
Infrastructure,Backend,PasswordService,HashPassword,string,string,UserBusinessService,N/A,N/A,N/A,N/A,🟢Core
Infrastructure,Backend,PasswordService,VerifyPassword,bool,string,AuthBusinessService,N/A,N/A,N/A,N/A,🟢Core
Infrastructure,Backend,CacheService,GetAsync,Task<T>,string,All Query Services,MemoryCache,N/A,N/A,N/A,🟢Core
Infrastructure,Backend,CacheService,SetAsync,Task,string,All Query Services,MemoryCache,N/A,N/A,N/A,🟢Core

Navigation,Frontend,NavigationService,NavigateToAsync,Task,string,All ViewModels,Prism.NavigationService,N/A,N/A,N/A,🟢Core
Navigation,Frontend,RegionManager,RequestNavigate,void,string,All ViewModels,Prism.RegionManager,N/A,N/A,N/A,🟢Core
Dialog,Frontend,DialogService,ShowMessageAsync,Task<MessageDialogResult>,string,All ViewModels,Prism.DialogService,N/A,N/A,N/A,🟢Core
Dialog,Frontend,DialogService,ShowConfirmationAsync,Task<bool>,string,All ViewModels,Prism.DialogService,N/A,N/A,N/A,🟢Core

Health,Backend,HealthController,CheckHealth,Task<IActionResult>,,Health Check Endpoint,HealthCheckService,GET,/health,SELECT 1,🟢Core
Health,Backend,HealthController,CheckDatabase,Task<IActionResult>,,Health Check Endpoint,DbContextHealthCheck,GET,/health/database,SELECT 1,🟢Core
Health,Backend,HealthController,CheckCache,Task<IActionResult>,,Health Check Endpoint,MemoryCacheHealthCheck,GET,/health/cache,N/A,🟢Core